Unnamed: 0,Age,Sex,Job,Housing,Saving accounts,Checking account,Credit amount,Duration,Purpose,Salary
0,67,male,2,own,,little,1169,6,radio/TV,17716
1,22,female,2,own,little,moderate,5951,48,radio/TV,22136
2,49,male,1,own,little,,2096,12,education,16963
3,45,male,2,free,little,little,7882,42,furniture/equipment,15773
4,53,male,2,free,little,little,4870,24,car,19513
5,35,male,1,free,,,9055,36,education,30653
6,53,male,2,own,quite rich,,2835,24,furniture/equipment,29396
7,35,male,3,rent,little,moderate,6948,36,car,22232
8,61,male,1,own,rich,,3059,12,radio/TV,35761
9,28,male,3,own,little,moderate,5234,30,car,21046
10,25,female,2,rent,little,moderate,1295,12,car,15575
11,24,female,2,rent,little,little,4308,48,business,16304
12,22,female,2,own,little,moderate,1567,12,radio/TV,16209
13,60,male,1,own,little,little,1199,24,car,15871
14,28,female,2,rent,little,little,1403,15,car,20959
15,32,female,1,own,moderate,little,1282,24,radio/TV,23405
16,53,male,2,own,,,2424,24,radio/TV,18426
17,25,male,2,own,,little,8072,30,business,22438
18,44,female,3,free,little,moderate,12579,24,car,17041
19,31,male,2,own,quite rich,,3430,24,radio/TV,31054
20,48,male,2,own,little,,2134,9,car,15905
21,44,male,2,rent,quite rich,little,2647,6,radio/TV,30140
22,48,male,1,rent,little,little,2241,10,car,16224
23,44,male,2,own,moderate,moderate,1804,12,car,25340
24,26,male,2,own,,,2069,10,furniture/equipment,18950
25,36,male,1,own,little,little,1374,6,furniture/equipment,21324
26,39,male,1,own,little,,426,6,radio/TV,21984
27,42,female,2,rent,rich,rich,409,12,radio/TV,36910
28,34,male,2,own,little,moderate,2415,7,radio/TV,17839
29,63,male,2,own,little,little,6836,60,business,20042
30,36,male,2,own,rich,moderate,1913,18,business,35802
31,27,male,2,own,little,little,4020,24,furniture/equipment,15087
32,30,male,2,own,moderate,moderate,5866,18,car,27148
33,57,male,1,rent,,,1264,12,business,29132
34,33,female,3,own,little,rich,1474,12,furniture/equipment,20775
35,25,male,1,own,little,moderate,4746,45,radio/TV,19241
36,31,male,2,free,little,,6110,48,education,21909
37,37,male,2,own,little,rich,2100,18,radio/TV,17132
38,37,male,2,own,little,rich,1225,10,domestic appliances,19284
39,24,male,2,own,little,moderate,458,9,radio/TV,15778
40,30,male,3,own,quite rich,,2333,30,radio/TV,31818
41,26,male,2,own,quite rich,moderate,1158,12,radio/TV,27905
42,44,male,1,own,little,moderate,6204,18,repairs,16959
43,24,male,2,rent,moderate,little,6187,30,car,27121
44,58,female,1,free,little,little,6143,48,car,21221
45,35,female,3,own,little,,1393,11,car,15455
46,39,male,2,own,quite rich,,2299,36,radio/TV,29735
47,23,female,0,rent,quite rich,little,1352,6,car,28812
48,39,male,1,own,little,,7228,11,car,17568
49,28,female,2,own,moderate,,2073,12,radio/TV,23904
50,29,male,1,own,,moderate,2333,24,furniture/equipment,33661
51,30,male,3,own,little,moderate,5965,27,car,15807
52,25,male,2,own,little,,1262,12,radio/TV,21769
53,31,male,2,own,,,3378,18,car,20447
54,57,male,2,free,little,moderate,2225,36,car,16563
55,26,male,1,own,,,783,6,car,16039
56,52,male,3,own,,moderate,6468,12,radio/TV,30656
57,31,female,2,own,little,,9566,36,radio/TV,16935
58,23,female,3,own,little,rich,1961,18,car,21248
59,23,female,1,rent,little,little,6229,36,furniture/equipment,20905
60,27,male,2,own,little,moderate,1391,9,business,21608
61,50,male,2,own,,moderate,1537,15,radio/TV,29630
62,61,male,3,free,little,moderate,1953,36,business,18547
63,25,male,2,own,little,moderate,14421,48,business,19851
64,26,female,2,own,little,,3181,24,radio/TV,15650
65,48,male,2,own,,,5190,27,repairs,19839
66,29,female,2,own,little,,2171,12,radio/TV,19355
67,22,male,2,own,rich,moderate,1007,12,car,36579
68,37,male,2,free,little,,1819,36,education,17899
69,25,female,2,own,,,2394,36,radio/TV,20413
70,30,female,2,own,little,,8133,36,car,19666
71,46,male,1,rent,,,730,7,radio/TV,20182
72,51,male,3,free,little,little,1164,8,vacation/others,19228
73,41,female,1,own,little,moderate,5954,42,business,18773
74,40,male,3,own,,little,1977,36,education,16436
75,66,male,3,free,little,little,1526,12,car,15637
76,34,male,2,own,little,little,3965,42,radio/TV,21258
77,51,male,2,own,little,moderate,4771,11,radio/TV,21997
78,39,male,1,own,,,9436,54,car,30766
79,22,male,2,own,little,moderate,3832,30,furniture/equipment,21866
80,44,female,2,own,,,5943,24,radio/TV,22138
81,47,male,2,own,quite rich,,1213,15,radio/TV,31410
82,24,female,1,rent,moderate,,1568,18,business,23358
83,58,female,1,own,little,little,1755,24,vacation/others,18032
84,52,male,1,own,little,little,2315,10,radio/TV,15912
85,29,female,3,own,little,,1412,12,business,18428
86,27,female,2,own,little,moderate,1295,18,furniture/equipment,21998
87,47,male,2,free,moderate,moderate,12612,36,education,23093
88,30,male,3,own,moderate,little,2249,18,car,24411
89,28,male,2,own,little,little,1108,12,repairs,20228
90,56,male,2,own,little,,618,12,radio/TV,18821
91,54,male,2,own,little,little,1409,12,car,19978
92,33,female,1,own,,,797,12,radio/TV,21670
93,20,male,2,rent,,rich,3617,24,furniture/equipment,30515
94,54,male,2,own,rich,moderate,1318,12,car,34245
95,58,male,2,rent,little,moderate,15945,54,business,20007
96,61,female,2,own,,,2012,12,education,15715
97,34,male,2,own,moderate,moderate,2622,18,business,25111
98,36,male,2,own,little,moderate,2337,36,radio/TV,15731
99,36,male,3,rent,,moderate,7057,20,car,29644
100,41,male,1,rent,moderate,,1469,24,car,25496
101,24,male,2,rent,little,moderate,2323,36,radio/TV,17512
102,24,female,2,own,little,,932,6,radio/TV,15754
103,35,male,2,rent,little,moderate,1919,9,furniture/equipment,17813
104,26,male,2,rent,,,2445,12,car,15911
105,39,male,3,own,little,moderate,11938,24,vacation/others,17522
106,39,male,3,own,little,,6458,18,car,17132
107,32,male,2,own,little,moderate,6078,12,car,21201
108,30,female,2,own,,little,7721,24,furniture/equipment,24832
109,35,male,2,own,quite rich,moderate,1410,14,business,31973
110,31,male,2,own,moderate,moderate,1449,6,business,25384
111,23,female,2,rent,little,rich,392,15,education,19837
112,28,male,1,rent,little,moderate,6260,18,car,22089
113,25,female,2,own,little,,7855,36,car,15401
114,35,male,2,own,quite rich,little,1680,12,radio/TV,27970
115,47,male,2,own,,,3578,48,radio/TV,28867
116,30,female,3,own,,little,7174,42,radio/TV,18527
117,27,female,2,rent,,little,2132,10,furniture/equipment,28303
118,23,female,2,own,quite rich,little,4281,33,furniture/equipment,28729
119,36,male,3,own,quite rich,moderate,2366,12,car,31406
120,25,female,2,own,little,little,1835,21,radio/TV,16570
121,41,female,3,rent,little,,3868,24,car,19477
122,24,male,1,rent,little,,1768,12,furniture/equipment,19819
123,63,male,2,free,little,rich,781,10,car,21042
124,27,female,2,rent,,moderate,1924,18,furniture/equipment,20195
125,30,male,2,own,little,little,2121,12,car,15565
126,40,male,1,own,little,little,701,12,radio/TV,19316
127,30,male,2,own,little,moderate,639,12,repairs,20456
128,34,male,3,own,little,moderate,1860,12,car,16940
129,29,female,2,own,little,little,3499,12,car,22438
130,24,female,2,own,,moderate,8487,48,car,27221
131,29,male,2,own,little,little,6887,36,education,15837
132,27,male,1,own,little,,2708,15,furniture/equipment,16373
133,47,male,2,free,little,,1984,18,furniture/equipment,16401
134,21,female,2,own,moderate,,10144,60,radio/TV,23836
135,38,female,2,own,,,1240,12,radio/TV,20823
136,27,male,2,own,rich,,8613,27,car,37314
137,66,male,1,own,quite rich,moderate,766,12,radio/TV,31062
138,35,male,2,own,,moderate,2728,15,radio/TV,36957
139,44,female,1,rent,little,rich,1881,12,radio/TV,17241
140,27,male,0,own,rich,rich,709,6,car,37349
141,30,female,3,own,little,moderate,4795,36,radio/TV,17847
142,27,male,3,own,little,little,3416,27,radio/TV,18367
143,22,male,2,own,little,little,2462,18,furniture/equipment,21664
144,23,female,2,own,little,,2288,21,furniture/equipment,19951
145,30,male,2,own,moderate,moderate,3566,48,business,22995
146,39,female,2,own,little,little,860,6,car,18007
147,51,female,2,own,moderate,,682,12,car,24861
148,28,male,2,own,little,little,5371,36,furniture/equipment,20926
149,46,male,2,own,rich,,1582,18,radio/TV,35724
150,42,male,2,free,moderate,,1346,6,radio/TV,23436
151,38,male,2,own,little,,1924,10,radio/TV,17093
152,24,male,2,own,little,rich,5848,36,radio/TV,15950
153,29,female,2,rent,rich,moderate,7758,24,car,37467
154,36,male,3,rent,moderate,moderate,6967,24,business,24544
155,20,female,2,rent,little,little,1282,12,furniture/equipment,21259
156,48,male,2,own,moderate,little,1288,9,repairs,22889
157,45,male,1,own,little,little,339,12,education,22162
158,38,male,2,own,moderate,moderate,3512,24,car,25162
159,34,male,1,own,,,1898,6,radio/TV,34550
160,36,male,2,own,moderate,,2872,24,radio/TV,25122
161,30,female,2,own,little,,1055,18,car,15758
162,36,male,2,own,quite rich,,1262,15,domestic appliances,27553
163,70,male,3,free,little,moderate,7308,10,car,22296
164,36,male,2,own,quite rich,,909,36,car,29327
165,32,male,2,own,quite rich,,2978,6,furniture/equipment,29509
166,33,female,2,own,little,little,1131,18,furniture/equipment,18138
167,20,female,2,own,rich,moderate,1577,11,furniture/equipment,33593
168,25,female,2,rent,little,,3972,24,furniture/equipment,17371
169,31,male,2,own,little,moderate,1935,24,business,16067
170,33,male,2,rent,little,little,950,15,car,20493
171,26,female,2,own,little,,763,12,furniture/equipment,16791
172,34,female,3,own,little,moderate,2064,24,furniture/equipment,18504
173,33,male,2,own,little,moderate,1414,8,radio/TV,15242
174,26,male,2,own,little,little,3414,21,education,16125
175,53,female,3,own,,,7485,30,car,20768
176,42,male,2,own,little,little,2577,12,furniture/equipment,19587
177,52,male,2,own,quite rich,little,338,6,radio/TV,28884
178,31,male,3,rent,little,,1963,12,radio/TV,20369
179,65,male,2,own,little,little,571,21,car,16142
180,28,male,2,own,little,,9572,36,business,17261
181,30,male,3,own,little,moderate,4455,36,business,17183
182,40,male,1,own,,little,1647,21,car,28757
183,50,male,2,own,rich,,3777,24,furniture/equipment,33130
184,36,male,2,own,little,moderate,884,18,car,18554
185,31,male,2,own,little,,1360,15,radio/TV,21750
186,74,female,3,free,little,moderate,5129,9,car,15825
187,68,male,0,free,little,moderate,1175,16,car,19012
188,20,male,2,own,moderate,little,674,12,radio/TV,24434
189,33,female,2,own,little,moderate,3244,18,furniture/equipment,22183
190,54,male,3,own,rich,,4591,24,business,35597
191,34,male,1,free,moderate,moderate,3844,48,business,26670
192,36,male,2,own,little,moderate,3915,27,business,15360
193,29,male,2,rent,little,,2108,6,radio/TV,18344
194,21,male,2,rent,moderate,moderate,3031,45,radio/TV,26773
195,34,female,3,own,little,moderate,1501,9,education,15915
196,28,female,2,own,little,,1382,6,radio/TV,17968
197,27,female,2,rent,moderate,moderate,951,12,furniture/equipment,26174
198,36,male,2,free,,moderate,2760,24,car,19670
199,40,male,3,own,little,moderate,4297,18,furniture/equipment,22311
200,52,male,2,own,quite rich,,936,9,education,29665
201,27,male,1,own,little,little,1168,12,car,15332
202,26,male,2,own,little,,5117,27,business,22443
203,21,male,2,rent,little,little,902,12,education,22229
204,38,male,1,own,little,,1495,12,car,16272
205,38,male,3,free,little,little,10623,30,car,22394
206,43,male,2,own,little,,1935,12,furniture/equipment,16872
207,26,male,2,own,little,moderate,1424,12,domestic appliances,16730
208,21,male,1,own,little,little,6568,24,business,19822
209,55,male,2,own,rich,,1413,12,car,33113
210,33,male,2,own,,,3074,9,radio/TV,29265
211,45,female,1,own,,,3835,36,radio/TV,33510
212,50,male,2,own,little,little,5293,27,business,20378
213,66,male,3,own,little,rich,1908,30,business,20489
214,51,male,2,own,,,3342,36,radio/TV,15645
215,39,female,1,own,,moderate,932,6,education,29450
216,31,male,2,own,little,little,3104,18,business,21412
217,23,male,2,own,little,rich,3913,36,radio/TV,16849
218,24,male,1,rent,little,little,3021,24,furniture/equipment,15182
219,64,female,2,own,little,,1364,10,car,18266
220,26,male,1,own,little,moderate,625,12,radio/TV,21390
221,23,female,2,rent,,little,1200,12,education,23016
222,30,male,2,own,little,,707,12,radio/TV,17375
223,32,male,2,own,,,2978,24,business,24092
224,30,male,2,own,little,,4657,15,car,19522
225,27,male,2,own,little,,2613,36,repairs,18634
226,27,male,2,own,rich,moderate,10961,48,radio/TV,34919
227,53,male,3,free,little,little,7865,12,furniture/equipment,16023
228,22,male,2,own,little,,1478,9,radio/TV,15213
229,22,male,2,free,little,little,3149,24,furniture/equipment,20389
230,26,male,2,own,little,rich,4210,36,radio/TV,20943
231,51,male,1,free,quite rich,,2507,9,car,31824
232,35,male,2,own,moderate,,2141,12,radio/TV,23775
233,25,male,1,own,little,moderate,866,18,radio/TV,20088
234,42,male,1,own,little,,1544,4,radio/TV,19498
235,30,male,3,own,little,little,1823,24,radio/TV,16987
236,23,male,0,own,,moderate,14555,6,car,25642
237,61,male,1,rent,moderate,moderate,2767,21,business,23954
238,35,female,2,own,little,,1291,12,radio/TV,22357
239,39,male,2,own,little,little,2522,30,radio/TV,20571
240,29,female,2,own,,little,915,24,car,37122
241,51,male,2,own,little,,1595,6,radio/TV,15587
242,24,male,2,free,little,little,4605,48,car,16384
243,27,female,2,own,little,,1185,12,business,19922
244,35,female,1,own,quite rich,,3447,12,education,31525
245,25,male,2,own,little,,1258,24,business,18389
246,52,male,2,own,little,,717,12,radio/TV,16008
247,35,male,2,rent,moderate,,1204,6,car,26943
248,26,male,2,own,little,rich,1925,24,furniture/equipment,20238
249,22,female,2,rent,little,,433,18,radio/TV,19020
250,39,female,1,own,rich,little,666,6,car,37246
251,46,female,1,own,little,rich,2251,12,furniture/equipment,21728
252,24,female,2,own,little,moderate,2150,30,car,17249
253,35,male,2,own,moderate,,4151,24,furniture/equipment,25178
254,24,male,2,own,,moderate,2030,9,furniture/equipment,20380
255,27,male,1,own,,moderate,7418,60,radio/TV,37013
256,35,male,1,own,little,,2684,24,radio/TV,16612
257,29,male,2,free,little,little,2149,12,radio/TV,19365
258,23,female,2,own,moderate,,3812,15,car,23394
259,57,female,1,own,moderate,,1154,11,radio/TV,23796
260,27,male,2,own,little,little,1657,12,furniture/equipment,16104
261,55,female,2,own,little,little,1603,24,radio/TV,17160
262,36,male,3,free,little,little,5302,18,car,19832
263,57,female,1,free,little,,2748,12,education,18423
264,32,male,1,own,little,,1231,10,car,22041
265,37,male,2,own,little,moderate,802,15,radio/TV,21378
266,36,male,2,own,,,6304,36,business,27867
267,38,female,2,own,little,,1533,24,radio/TV,18930
268,45,male,3,own,little,little,8978,14,car,21316
269,25,male,2,own,,,999,24,radio/TV,19970
270,32,male,2,own,,,2662,18,car,20777
271,37,female,2,rent,quite rich,,1402,12,furniture/equipment,32174
272,36,male,3,free,,moderate,12169,48,car,29378
273,28,male,2,own,little,moderate,3060,48,radio/TV,19122
274,34,male,1,own,little,little,11998,30,repairs,16712
275,32,male,2,own,little,,2697,9,radio/TV,18511
276,26,female,2,own,little,,2404,18,radio/TV,15676
277,49,male,1,own,,little,1262,12,furniture/equipment,32021
278,32,female,2,own,little,,4611,6,furniture/equipment,17000
279,29,male,3,rent,moderate,,1901,24,radio/TV,25986
280,23,male,2,rent,rich,,3368,15,car,36561
281,50,male,2,own,little,,1574,12,furniture/equipment,18296
282,49,male,1,own,,rich,1445,18,radio/TV,25934
283,63,male,2,own,,,1520,15,furniture/equipment,29715
284,37,male,2,own,moderate,moderate,3878,24,car,25194
285,35,female,1,own,little,little,10722,47,car,22237
286,26,male,2,own,little,little,4788,48,car,18471
287,31,male,3,free,moderate,moderate,7582,48,vacation/others,24525
288,49,female,2,own,little,moderate,1092,12,radio/TV,19534
289,48,male,2,own,little,little,1024,24,radio/TV,22165
290,26,male,2,own,little,,1076,12,business,15109
291,28,male,3,rent,little,moderate,9398,36,car,15234
292,44,female,3,free,little,little,6419,24,car,15162
293,56,male,2,free,little,rich,4796,42,car,16963
294,46,male,3,own,,,7629,48,business,36095
295,26,female,2,own,little,moderate,9960,48,furniture/equipment,16838
296,20,female,2,rent,,,4675,12,car,23588
297,45,male,1,own,,,1287,10,car,27477
298,43,male,2,own,little,,2515,18,furniture/equipment,17475
299,32,male,2,own,rich,moderate,2745,21,furniture/equipment,37310
300,54,female,0,own,little,,672,6,car,21287
301,42,female,2,own,little,moderate,3804,36,radio/TV,17243
302,37,male,1,own,,rich,1344,24,car,27585
303,49,male,2,own,little,little,1038,10,car,21364
304,44,male,2,free,quite rich,,10127,48,car,32294
305,33,male,2,own,rich,,1543,6,furniture/equipment,34071
306,24,female,1,rent,,,4811,30,car,23879
307,33,male,1,own,moderate,little,727,12,radio/TV,25149
308,24,female,2,own,little,moderate,1237,8,furniture/equipment,22179
309,22,male,1,rent,little,moderate,276,9,car,17386
310,40,male,0,free,,moderate,5381,48,vacation/others,26649
311,25,male,2,own,moderate,,5511,24,furniture/equipment,23439
312,26,female,2,own,little,rich,3749,24,furniture/equipment,18183
313,25,male,1,own,little,moderate,685,12,car,22416
314,29,male,1,own,,rich,1494,4,car,24856
315,31,male,2,own,little,little,2746,36,furniture/equipment,20326
316,38,male,1,own,little,little,708,12,furniture/equipment,17002
317,48,female,1,own,,moderate,4351,24,furniture/equipment,17732
318,32,male,2,own,little,,701,12,education,17675
319,27,female,1,own,little,little,3643,15,furniture/equipment,18827
320,28,male,3,own,little,moderate,4249,30,car,18568
321,32,male,2,own,little,little,1938,24,radio/TV,17904
322,34,male,3,free,little,little,2910,24,car,16487
323,28,male,2,own,rich,little,2659,18,furniture/equipment,36547
324,36,female,2,own,little,,1028,18,car,21946
325,39,male,1,own,little,little,3398,8,car,15428
326,49,male,2,rent,,,5801,12,furniture/equipment,31792
327,34,female,2,own,rich,,1525,24,car,36390
328,31,male,2,own,little,rich,4473,36,radio/TV,21901
329,28,male,2,own,little,moderate,1068,6,radio/TV,15068
330,75,male,3,free,little,little,6615,24,car,15992
331,30,female,2,own,moderate,,1864,18,education,26603
332,24,female,3,own,moderate,moderate,7408,60,car,26538
333,24,female,1,rent,moderate,,11590,48,car,22622
334,23,male,2,rent,little,little,4110,24,furniture/equipment,21908
335,44,male,3,rent,little,little,3384,6,furniture/equipment,15325
336,23,female,1,own,little,moderate,2101,13,radio/TV,20415
337,24,female,2,rent,,little,1275,15,domestic appliances,26756
338,28,male,2,own,little,little,4169,24,furniture/equipment,19962
339,31,male,1,own,little,moderate,1521,10,furniture/equipment,16353
340,24,female,2,free,little,moderate,5743,24,education,17732
341,26,female,1,rent,little,little,3599,21,furniture/equipment,16242
342,25,male,2,rent,quite rich,moderate,3213,18,radio/TV,31524
343,33,male,3,own,little,moderate,4439,18,business,17291
344,37,male,1,own,little,rich,3949,10,car,17942
345,43,female,1,own,little,,1459,15,radio/TV,17815
346,23,male,2,own,little,moderate,882,13,radio/TV,20682
347,23,female,0,rent,quite rich,moderate,3758,24,radio/TV,31971
348,34,male,1,own,moderate,,1743,6,business,23765
349,32,male,2,free,rich,moderate,1136,9,education,33123
350,23,female,2,rent,little,,1236,9,domestic appliances,22427
351,29,female,2,own,little,moderate,959,9,furniture/equipment,17241
352,38,male,3,own,,,3229,18,car,19358
353,28,male,2,rent,little,little,6199,12,radio/TV,21847
354,46,male,2,free,quite rich,,727,10,education,29906
355,23,male,1,own,little,moderate,1246,24,car,17126
356,49,male,2,own,,,2331,12,radio/TV,15970
357,26,male,3,own,little,,4463,36,radio/TV,21079
358,28,male,2,own,little,,776,12,radio/TV,15684
359,23,female,2,rent,little,little,2406,30,furniture/equipment,16585
360,61,male,2,free,,moderate,1239,18,education,27836
361,37,male,3,own,,rich,3399,12,radio/TV,37058
362,36,female,2,own,little,rich,2247,12,car,17845
363,21,male,2,rent,little,,1766,6,furniture/equipment,17336
364,25,male,0,own,little,little,2473,18,furniture/equipment,16891
365,36,male,2,own,little,,1542,12,business,22347
366,27,male,2,own,little,,3850,18,car,18112
367,22,female,2,rent,little,little,3650,18,furniture/equipment,22467
368,42,male,2,own,little,little,3446,36,furniture/equipment,19389
369,40,female,2,rent,little,moderate,3001,18,furniture/equipment,17323
370,36,male,2,own,,,3079,36,car,32347
371,33,male,2,own,little,,6070,18,radio/TV,16594
372,23,female,2,rent,little,,2146,10,furniture/equipment,21834
373,63,male,3,free,,,13756,60,car,29957
374,60,female,3,free,moderate,moderate,14782,60,vacation/others,26268
375,37,female,2,rent,little,little,7685,48,business,20019
376,34,male,2,own,little,,2320,18,radio/TV,22305
377,36,male,2,free,,,846,7,radio/TV,16505
378,57,male,3,free,little,moderate,14318,36,car,16388
379,52,female,1,own,moderate,,362,6,car,26298
380,39,male,2,own,,little,2212,20,furniture/equipment,15737
381,38,female,3,free,little,moderate,12976,18,car,18621
382,25,female,2,rent,,,1283,22,car,36714
383,26,male,2,own,little,rich,1330,12,car,22320
384,26,male,1,own,moderate,,4272,30,business,25584
385,25,female,2,own,little,,2238,18,radio/TV,15887
386,21,female,2,rent,,,1126,18,radio/TV,36670
387,40,male,3,own,little,moderate,7374,18,furniture/equipment,21129
388,27,male,2,own,quite rich,moderate,2326,15,business,28692
389,27,female,2,own,little,,1449,9,business,16242
390,30,male,3,own,little,,1820,18,car,21264
391,19,female,1,rent,rich,moderate,983,12,furniture/equipment,34257
392,39,male,3,free,little,little,3249,36,car,16088
393,31,female,2,own,little,little,1957,6,radio/TV,21298
394,31,male,3,own,little,,2406,9,furniture/equipment,16756
395,32,male,2,rent,moderate,moderate,11760,39,education,25068
396,55,female,3,free,little,little,2578,12,furniture/equipment,21986
397,46,male,2,own,little,little,2348,36,furniture/equipment,19796
398,46,male,2,rent,little,moderate,1223,12,car,16873
399,43,female,1,own,rich,,1516,24,radio/TV,36886
400,39,male,2,own,little,,1473,18,radio/TV,17192
401,28,male,2,own,,moderate,1887,18,business,22135
402,27,male,2,own,little,,8648,24,business,17096
403,27,male,1,own,little,,802,14,car,17356
404,43,male,2,own,,moderate,2899,18,car,18069
405,22,male,2,own,little,moderate,2039,24,radio/TV,19872
406,43,male,2,own,,,2197,24,car,26803
407,27,male,2,own,little,little,1053,15,radio/TV,18239
408,26,male,3,own,quite rich,,3235,24,radio/TV,28425
409,28,male,2,own,quite rich,rich,939,12,car,32304
410,20,female,2,own,little,moderate,1967,24,radio/TV,17992
411,35,male,3,own,little,,7253,33,car,19740
412,42,male,3,own,little,,2292,12,business,21226
413,40,male,1,rent,quite rich,,1597,10,car,30491
414,35,female,2,own,,little,1381,24,car,19773
415,35,male,2,own,little,,5842,36,car,16066
416,33,male,1,own,little,little,2579,12,car,15969
417,23,female,2,rent,,little,8471,18,education,28743
418,31,female,3,own,quite rich,,2782,21,car,28798
419,33,female,2,own,,moderate,1042,18,car,28744
420,20,female,2,rent,rich,,3186,15,car,36225
421,30,male,2,own,,moderate,2028,12,car,27876
422,47,male,1,own,little,moderate,958,12,car,21431
423,34,male,3,own,moderate,,1591,21,furniture/equipment,23784
424,25,female,2,own,,moderate,2762,12,furniture/equipment,15029
425,21,male,2,rent,little,moderate,2779,18,car,15489
426,29,male,2,own,little,,2743,28,radio/TV,15625
427,46,male,2,own,rich,,1149,18,radio/TV,34198
428,20,male,2,own,little,,1313,9,furniture/equipment,22174
429,55,female,0,free,little,little,1190,18,repairs,21371
430,74,male,1,own,little,,3448,5,business,15150
431,29,male,3,own,little,moderate,11328,24,vacation/others,17957
432,36,male,3,free,little,little,1872,6,furniture/equipment,19874
433,33,male,2,own,little,,2058,24,repairs,19020
434,25,male,2,own,little,little,2136,9,furniture/equipment,22257
435,25,male,2,own,,moderate,1484,12,radio/TV,18161
436,23,male,1,rent,quite rich,,660,6,repairs,31112
437,37,female,2,own,rich,,1287,24,car,36854
438,65,male,0,own,little,little,3394,42,repairs,16021
439,26,female,0,own,little,rich,609,12,business,22152
440,39,male,3,own,little,,1884,12,car,19608
441,30,female,2,own,little,little,1620,12,furniture/equipment,17422
442,29,male,2,own,little,moderate,2629,20,vacation/others,15346
443,41,male,1,own,little,,719,12,education,15462
444,30,female,3,own,little,moderate,5096,48,furniture/equipment,17469
445,41,female,1,rent,,,1244,9,education,21654
446,34,female,2,own,little,little,1842,36,car,21723
447,35,male,2,own,little,moderate,2576,7,radio/TV,15536
448,55,female,3,own,,rich,1424,12,furniture/equipment,19862
449,61,male,2,own,rich,moderate,1512,15,repairs,35338
450,30,male,3,own,,,11054,36,car,33741
451,29,female,2,own,little,,518,6,radio/TV,15507
452,34,male,2,own,little,,2759,12,furniture/equipment,20253
453,35,male,3,own,little,,2670,24,car,20515
454,31,male,2,own,little,little,4817,24,car,18515
455,29,female,3,own,little,,2679,24,car,17835
456,36,male,2,rent,little,little,3905,11,car,18656
457,35,male,2,free,little,little,3386,12,car,18057
458,27,female,2,own,little,little,343,6,domestic appliances,22018
459,32,male,2,own,little,,4594,18,radio/TV,19624
460,37,male,2,own,little,little,3620,36,furniture/equipment,17201
461,36,male,2,own,little,little,1721,15,car,20867
462,34,female,3,rent,little,moderate,3017,12,furniture/equipment,17685
463,38,male,2,own,,moderate,754,12,education,27398
464,34,male,2,own,little,,1950,18,business,16327
465,63,male,2,own,little,little,2924,24,car,17239
466,29,female,1,rent,little,little,1659,24,radio/TV,17290
467,32,male,2,own,,,7238,48,radio/TV,31925
468,26,female,2,own,little,,2764,33,business,20038
469,35,male,1,own,little,,4679,24,car,20980
470,22,male,2,rent,moderate,moderate,3092,24,radio/TV,23968
471,23,female,2,own,little,little,448,6,education,15826
472,28,male,1,own,little,little,654,9,car,16119
473,36,male,3,own,,,1238,6,education,36944
474,33,male,2,own,little,moderate,1245,18,radio/TV,15818
475,26,female,2,rent,little,little,3114,18,furniture/equipment,21106
476,24,male,2,own,quite rich,,2569,39,car,28231
477,25,male,2,own,little,rich,5152,24,radio/TV,19896
478,39,male,1,own,moderate,moderate,1037,12,business,23169
479,44,male,2,own,little,little,1478,15,furniture/equipment,19890
480,23,female,1,own,little,moderate,3573,12,radio/TV,19200
481,26,male,2,own,little,moderate,1201,24,car,19391
482,57,female,2,rent,rich,little,3622,30,furniture/equipment,33003
483,30,female,2,own,rich,,960,15,furniture/equipment,35448
484,44,male,2,own,quite rich,,1163,12,car,29493
485,47,male,3,own,little,moderate,1209,6,car,19802
486,52,male,2,own,little,,3077,12,radio/TV,22061
487,62,female,2,free,little,,3757,24,car,20659
488,35,male,1,rent,moderate,,1418,10,car,27319
489,26,male,2,rent,little,,3518,6,car,17732
490,26,male,2,own,little,,1934,12,radio/TV,18956
491,42,female,3,free,little,moderate,8318,27,business,20661
492,27,female,2,own,moderate,,1237,6,radio/TV,26131
493,38,male,2,own,,moderate,368,6,radio/TV,33119
494,39,male,1,rent,little,little,2122,12,car,15747
495,20,male,2,own,,little,2996,24,furniture/equipment,17368
496,29,male,3,rent,moderate,moderate,9034,36,furniture/equipment,26719
497,40,male,2,own,little,,1585,24,furniture/equipment,21798
498,32,male,1,own,little,moderate,1301,18,radio/TV,20515
499,28,male,2,own,moderate,rich,1323,6,car,26066
500,27,female,2,own,little,little,3123,24,car,17237
501,42,male,2,free,little,little,5493,36,car,16867
502,49,male,2,own,moderate,rich,1126,9,radio/TV,23646
503,38,male,2,own,moderate,moderate,1216,24,radio/TV,24178
504,24,female,2,rent,little,little,1207,24,car,17683
505,27,male,1,own,,,1309,10,car,31495
506,36,male,2,own,quite rich,rich,2360,15,car,28756
507,34,male,3,own,moderate,moderate,6850,15,car,26362
508,28,male,2,own,little,,1413,24,radio/TV,16040
509,45,male,3,own,moderate,,8588,39,car,26613
510,26,male,2,own,little,little,759,12,car,18592
511,32,male,3,free,little,,4686,36,car,19653
512,26,male,2,rent,little,rich,2687,15,business,19199
513,20,male,2,rent,little,moderate,585,12,radio/TV,15140
514,54,male,2,own,,,2255,24,car,32118
515,37,female,2,own,little,little,609,6,car,15473
516,40,male,1,own,little,little,1361,6,car,20440
517,23,female,2,rent,little,,7127,36,furniture/equipment,16053
518,43,male,2,own,moderate,little,1203,6,car,23863
519,36,male,2,free,,,700,6,radio/TV,36325
520,44,male,2,free,little,,5507,24,repairs,20791
521,24,female,2,own,little,little,3190,18,radio/TV,17776
522,53,male,2,free,little,little,7119,48,furniture/equipment,17279
523,23,female,2,own,moderate,,3488,24,car,27026
524,26,female,1,own,little,moderate,1113,18,radio/TV,20469
525,30,male,2,own,little,moderate,7966,26,car,20669
526,31,female,2,own,moderate,,1532,15,education,27089
527,42,male,1,own,little,,1503,4,radio/TV,18572
528,31,male,2,rent,little,little,2302,36,radio/TV,18705
529,41,male,1,own,little,little,662,6,car,22455
530,32,male,2,own,little,moderate,2273,36,education,17628
531,28,female,2,rent,moderate,moderate,2631,15,car,24391
532,41,male,2,rent,little,,1503,12,car,18596
533,26,male,2,own,moderate,,1311,24,radio/TV,25698
534,25,male,2,own,,,3105,24,radio/TV,35205
535,33,male,2,rent,little,rich,2319,21,education,21991
536,75,female,3,own,,little,1374,6,car,23972
537,37,female,2,own,little,moderate,3612,18,furniture/equipment,20380
538,42,male,3,free,little,little,7763,48,car,21642
539,45,female,1,own,little,rich,3049,18,furniture/equipment,20076
540,23,male,2,rent,little,moderate,1534,12,radio/TV,20094
541,60,male,2,free,little,,2032,24,car,17846
542,31,male,2,own,,little,6350,30,furniture/equipment,15838
543,34,male,1,own,little,rich,2864,18,furniture/equipment,22164
544,61,male,1,own,little,,1255,12,car,21117
545,43,male,2,free,little,little,1333,24,car,18569
546,37,female,2,own,little,,2022,24,car,22139
547,32,male,2,own,little,,1552,24,radio/TV,20025
548,24,female,1,own,little,little,626,12,radio/TV,20187
549,35,male,2,free,,,8858,48,car,22242
550,23,female,2,own,,,996,12,repairs,19652
551,45,male,1,own,quite rich,,1750,6,radio/TV,29827
552,34,male,2,own,little,little,6999,48,radio/TV,16112
553,27,male,2,own,moderate,moderate,1995,12,car,25047
554,67,female,3,own,little,moderate,1199,9,education,21371
555,22,male,2,own,little,moderate,1331,12,radio/TV,19073
556,28,female,2,own,moderate,moderate,2278,18,car,27301
557,29,female,2,own,,,5003,21,car,30817
558,27,male,2,own,little,little,3552,24,furniture/equipment,15555
559,31,male,1,own,little,moderate,1928,18,furniture/equipment,16757
560,49,male,2,free,,little,2964,24,car,21679
561,24,male,1,rent,little,little,1546,24,radio/TV,21435
562,29,female,2,own,little,rich,683,6,radio/TV,16605
563,37,male,2,free,,moderate,12389,36,car,22568
564,37,male,3,own,,moderate,4712,24,business,37330
565,23,female,2,rent,moderate,moderate,1553,24,radio/TV,26846
566,36,male,2,own,little,little,1372,12,car,19956
567,34,male,2,own,rich,,2578,24,radio/TV,33521
568,41,male,2,own,,moderate,3979,48,radio/TV,15433
569,31,female,2,own,little,little,6758,48,radio/TV,16726
570,23,female,1,rent,little,little,3234,24,furniture/equipment,21501
571,38,male,2,own,little,,5954,30,radio/TV,22065
572,26,female,3,rent,,,5433,24,car,21025
573,22,female,1,own,little,little,806,15,business,19908
574,27,male,1,own,little,moderate,1082,9,radio/TV,16597
575,24,female,2,own,little,,2788,15,furniture/equipment,17042
576,27,female,2,own,little,moderate,2930,12,radio/TV,20018
577,33,female,2,own,,,1927,24,education,23423
578,27,male,2,own,little,moderate,2820,36,car,21160
579,27,male,1,own,little,,937,24,education,19286
580,30,male,2,own,little,moderate,1056,18,car,16532
581,49,male,1,own,little,moderate,3124,12,car,16111
582,26,female,2,rent,little,,1388,9,furniture/equipment,20761
583,33,male,1,rent,little,moderate,2384,36,repairs,16140
584,52,female,3,free,,,2133,12,car,25123
585,20,female,2,rent,little,little,2039,18,furniture/equipment,15456
586,36,male,2,rent,little,little,2799,9,car,17706
587,21,male,1,own,little,little,1289,12,furniture/equipment,22327
588,47,male,1,own,little,little,1217,18,domestic appliances,20435
589,60,male,2,own,little,little,2246,12,furniture/equipment,18566
590,58,female,1,own,little,little,385,12,radio/TV,16490
591,42,female,2,rent,,moderate,1965,24,car,20922
592,36,female,1,own,rich,,1572,21,business,34975
593,20,female,1,rent,little,moderate,2718,24,car,19787
594,40,male,3,own,,little,1358,24,vacation/others,37125
595,32,female,1,own,moderate,moderate,931,6,car,24213
596,23,female,2,rent,little,little,1442,24,car,21561
597,36,male,1,own,little,moderate,4241,24,business,15098
598,31,male,2,own,little,,2775,18,car,21110
599,32,male,2,free,little,,3863,24,business,18757
600,45,female,2,own,little,moderate,2329,7,radio/TV,18868
601,30,female,2,own,little,moderate,918,9,furniture/equipment,15536
602,34,female,1,free,little,moderate,1837,24,education,17175
603,28,female,3,own,little,,3349,36,furniture/equipment,17829
604,23,female,2,own,little,rich,1275,10,furniture/equipment,20027
605,22,male,2,own,quite rich,little,2828,24,furniture/equipment,30400
606,74,male,3,own,little,,4526,24,business,17117
607,50,female,2,free,moderate,moderate,2671,36,radio/TV,23197
608,33,male,2,own,little,,2051,18,radio/TV,15199
609,45,male,2,free,,,1300,15,car,24957
610,22,female,2,own,moderate,little,741,12,domestic appliances,26958
611,48,female,1,free,moderate,rich,1240,10,car,27329
612,29,female,2,own,rich,little,3357,21,radio/TV,33935
613,22,female,2,rent,little,little,3632,24,car,18140
614,22,female,2,own,little,,1808,18,furniture/equipment,18670
615,48,male,3,own,,moderate,12204,48,business,25176
616,27,male,3,free,,moderate,9157,60,radio/TV,20753
617,37,male,2,rent,little,little,3676,6,car,16856
618,21,female,2,rent,moderate,moderate,3441,30,furniture/equipment,23508
619,49,male,1,own,little,,640,12,car,15835
620,27,male,2,own,little,moderate,3652,21,business,21748
621,32,male,2,own,little,,1530,18,car,15357
622,38,male,2,own,,,3914,48,business,30178
623,22,female,2,rent,little,little,1858,12,furniture/equipment,17195
624,65,male,2,free,little,little,2600,18,radio/TV,20553
625,35,male,2,own,,,1979,15,radio/TV,23685
626,41,male,2,own,little,rich,2116,6,furniture/equipment,18463
627,29,male,2,own,moderate,moderate,1437,9,car,26201
628,36,male,2,own,quite rich,,4042,42,furniture/equipment,28386
629,64,male,1,own,,,3832,9,education,24416
630,28,female,2,own,little,little,3660,24,radio/TV,17131
631,44,male,2,own,little,little,1553,18,furniture/equipment,22238
632,23,male,2,own,,moderate,1444,15,radio/TV,26208
633,19,female,2,rent,little,,1980,9,furniture/equipment,16527
634,25,female,1,own,little,moderate,1355,24,car,15604
635,47,male,2,own,little,,1393,12,education,17000
636,28,female,2,own,quite rich,,1376,24,radio/TV,30816
637,21,male,2,own,little,,15653,60,radio/TV,20846
638,34,female,2,own,little,,1493,12,radio/TV,15646
639,26,male,2,own,little,little,4370,42,radio/TV,21360
640,27,female,0,own,little,little,750,18,education,18541
641,38,male,1,own,little,moderate,1308,15,repairs,18757
642,40,male,3,own,moderate,,4623,15,education,24504
643,33,male,2,own,little,,1851,24,radio/TV,20255
644,32,male,3,own,little,little,1880,18,radio/TV,20886
645,27,male,2,rent,,,7980,36,business,25628
646,32,male,2,own,little,little,4583,30,furniture/equipment,17122
647,26,female,2,own,quite rich,,1386,12,car,31480
648,38,male,2,free,little,rich,947,24,car,19311
649,40,male,1,rent,little,little,684,12,education,16329
650,50,male,3,free,little,little,7476,48,education,19918
651,37,male,1,own,little,moderate,1922,12,furniture/equipment,21323
652,45,male,2,own,little,little,2303,24,car,16737
653,42,male,3,own,moderate,moderate,8086,36,car,22927
654,35,male,2,own,little,,2346,24,car,22124
655,22,male,2,free,little,little,3973,14,car,17780
656,41,male,1,own,little,moderate,888,12,car,21551
657,37,male,2,own,,,10222,48,radio/TV,15080
658,28,female,2,own,little,moderate,4221,30,business,18272
659,41,male,2,own,little,moderate,6361,18,furniture/equipment,19614
660,23,male,2,rent,little,rich,1297,12,radio/TV,20835
661,23,male,2,own,,little,900,12,car,33850
662,50,male,2,own,little,,2241,21,furniture/equipment,21417
663,35,male,3,own,little,moderate,1050,6,furniture/equipment,16189
664,50,female,1,own,little,rich,1047,6,education,20918
665,27,male,3,own,little,,6314,24,vacation/others,18844
666,34,male,2,own,rich,moderate,3496,30,furniture/equipment,36338
667,27,female,2,own,little,,3609,48,business,15658
668,43,male,2,rent,little,little,4843,12,car,15521
669,47,male,2,own,little,rich,3017,30,radio/TV,20643
670,27,male,1,own,moderate,,4139,24,business,23139
671,31,male,2,own,moderate,,5742,36,business,23467
672,42,male,3,own,little,,10366,60,car,20091
673,24,male,2,own,quite rich,,2080,6,car,29579
674,41,male,1,own,quite rich,,2580,21,business,30976
675,26,female,3,rent,little,,4530,30,radio/TV,15446
676,33,male,2,own,little,,5150,24,furniture/equipment,15299
677,24,male,2,own,moderate,moderate,5595,72,radio/TV,27489
678,64,male,1,rent,little,little,2384,24,radio/TV,20080
679,26,female,2,own,little,,1453,18,radio/TV,19036
680,56,female,2,own,little,,1538,6,education,22054
681,37,male,2,free,,,2279,12,radio/TV,15213
682,33,male,2,own,little,,1478,15,radio/TV,19292
683,47,male,2,free,little,,5103,24,radio/TV,16499
684,31,male,1,own,moderate,moderate,9857,36,business,25843
685,34,male,2,free,,,6527,60,car,27525
686,27,male,2,own,,rich,1347,10,radio/TV,30536
687,30,male,2,free,moderate,moderate,2862,36,car,23218
688,35,male,2,own,moderate,,2753,9,radio/TV,26146
689,31,male,2,own,rich,little,3651,12,car,34940
690,25,male,2,own,little,little,975,15,furniture/equipment,18178
691,25,female,1,own,moderate,moderate,2631,15,repairs,24452
692,29,male,2,own,moderate,moderate,2896,24,radio/TV,25972
693,44,male,1,own,,little,4716,6,car,29283
694,28,male,2,own,little,,2284,24,radio/TV,16352
695,50,male,2,rent,quite rich,,1236,6,car,31064
696,29,male,2,own,little,moderate,1103,12,radio/TV,18724
697,38,female,0,own,little,,926,12,car,18668
698,24,male,2,own,little,,1800,18,radio/TV,20353
699,40,male,3,rent,little,rich,1905,15,education,22177
700,29,female,1,rent,quite rich,,1123,12,furniture/equipment,31149
701,46,male,2,free,little,little,6331,48,car,19336
702,47,female,2,free,moderate,rich,1377,24,radio/TV,26882
703,41,male,2,own,moderate,moderate,2503,30,business,25348
704,32,female,2,own,little,moderate,2528,27,business,15997
705,35,female,2,free,quite rich,,5324,15,car,28653
706,24,male,2,own,moderate,moderate,6560,48,car,25764
707,25,female,2,rent,little,moderate,2969,12,furniture/equipment,15694
708,25,female,2,own,little,moderate,1206,9,radio/TV,19733
709,37,male,1,own,little,moderate,2118,9,radio/TV,21449
710,32,male,3,own,quite rich,,629,18,radio/TV,28235
711,35,female,2,free,little,little,1198,6,education,20234
712,46,male,3,own,,,2476,21,car,15891
713,25,male,1,own,little,little,1138,9,radio/TV,18508
714,27,male,3,own,little,moderate,14027,60,car,18261
715,63,male,2,own,,,7596,30,car,21923
716,40,male,2,own,,,3077,30,radio/TV,23071
717,32,male,3,free,little,,1505,18,radio/TV,20474
718,31,male,2,own,,rich,3148,24,radio/TV,28331
719,31,male,2,own,moderate,moderate,6148,20,car,23123
720,34,male,3,own,little,rich,1337,9,radio/TV,20232
721,24,female,2,rent,rich,moderate,433,6,education,37163
722,24,female,1,own,little,little,1228,12,car,15883
723,66,female,1,own,quite rich,moderate,790,9,radio/TV,31184
724,21,female,2,rent,little,,2570,27,car,19161
725,41,female,1,own,rich,,250,6,car,36411
726,47,male,1,own,quite rich,,1316,15,radio/TV,31810
727,25,female,2,rent,little,little,1882,18,radio/TV,16281
728,59,female,2,rent,little,moderate,6416,48,business,15542
729,36,male,2,own,rich,rich,1275,24,business,32712
730,33,male,2,own,little,moderate,6403,24,radio/TV,19056
731,21,male,1,rent,little,little,1987,24,radio/TV,22364
732,44,female,1,own,little,moderate,760,8,radio/TV,19978
733,28,female,2,rent,rich,,2603,24,car,33411
734,37,female,2,own,little,,3380,4,car,17957
735,29,female,0,own,,moderate,3990,36,domestic appliances,28655
736,23,female,3,rent,little,moderate,11560,24,car,18706
737,35,male,1,own,moderate,little,4380,18,car,26225
738,45,male,3,own,little,,6761,6,car,20450
739,26,female,1,rent,moderate,moderate,4280,30,business,26288
740,32,male,2,own,moderate,little,2325,24,car,23058
741,23,male,1,own,little,moderate,1048,10,radio/TV,18010
742,41,male,2,own,,,3160,21,radio/TV,22439
743,22,male,2,own,quite rich,little,2483,24,furniture/equipment,31166
744,30,male,3,own,,little,14179,39,furniture/equipment,26865
745,28,male,1,own,little,little,1797,13,business,20753
746,23,female,2,rent,little,little,2511,15,car,20573
747,37,female,1,own,little,little,1274,12,car,20710
748,26,male,2,own,,,5248,21,car,36156
749,33,male,2,own,little,,3029,15,car,19372
750,49,female,2,own,little,little,428,6,furniture/equipment,16517
751,23,female,1,own,little,little,976,18,car,20198
752,23,female,1,rent,moderate,moderate,841,12,business,26204
753,25,female,2,own,little,,5771,30,radio/TV,21190
754,55,male,2,free,rich,,1555,12,repairs,33450
755,32,female,2,rent,,little,1285,24,car,24857
756,74,male,0,own,little,rich,1299,6,car,15079
757,39,male,2,free,,rich,1271,15,radio/TV,15853
758,31,male,2,own,little,,1393,24,car,16345
759,35,male,2,own,little,little,691,12,car,16236
760,59,female,2,own,,,5045,15,car,31744
761,24,female,2,rent,little,little,2124,18,furniture/equipment,18459
762,24,male,1,own,little,little,2214,12,radio/TV,15516
763,30,male,3,free,,,12680,21,car,33559
764,27,male,2,own,moderate,,2463,24,car,24273
765,40,male,1,own,little,moderate,1155,12,radio/TV,17291
766,31,male,1,own,little,little,3108,30,furniture/equipment,17981
767,31,female,2,rent,,,2901,10,car,31968
768,28,male,2,rent,little,moderate,3617,12,furniture/equipment,15097
769,63,male,1,own,little,,1655,12,radio/TV,18395
770,26,female,2,rent,,little,2812,24,car,18009
771,25,female,3,own,little,little,8065,36,education,17795
772,36,male,3,own,little,,3275,21,car,16792
773,52,male,2,own,moderate,,2223,24,radio/TV,26393
774,66,male,0,free,quite rich,rich,1480,12,car,27932
775,25,female,2,rent,,little,1371,24,car,31246
776,37,male,2,own,little,,3535,36,car,17090
777,25,female,2,own,little,little,3509,18,radio/TV,18465
778,38,male,3,own,rich,,5711,36,car,35880
779,67,female,2,own,little,moderate,3872,18,repairs,19503
780,25,male,2,own,little,moderate,4933,39,radio/TV,17100
781,60,male,2,own,rich,,1940,24,car,34908
782,31,male,1,own,little,moderate,1410,12,education,16776
783,23,female,1,own,moderate,moderate,836,12,car,24211
784,60,male,3,own,,moderate,6468,20,car,20299
785,35,male,1,own,rich,moderate,1941,18,business,35557
786,40,male,2,own,quite rich,,2675,22,radio/TV,28666
787,38,male,2,own,,,2751,48,car,30735
788,50,male,2,free,little,moderate,6224,48,education,20424
789,27,male,2,own,little,little,5998,40,education,16077
790,39,female,2,own,little,moderate,1188,21,business,15222
791,41,male,3,own,,,6313,24,car,16491
792,27,male,2,own,,,1221,6,furniture/equipment,20328
793,51,male,2,free,little,rich,2892,24,furniture/equipment,16748
794,32,male,2,rent,quite rich,,3062,24,furniture/equipment,28507
795,22,female,2,rent,moderate,,2301,9,furniture/equipment,24275
796,51,male,2,free,,little,7511,18,car,28771
797,22,female,1,rent,little,,1258,12,furniture/equipment,18980
798,54,male,2,own,,,717,24,car,21391
799,35,male,0,own,,moderate,1549,9,car,17552
800,54,male,2,free,little,,1597,24,education,17527
801,48,female,1,rent,little,moderate,1795,18,radio/TV,20049
802,24,female,2,own,little,little,4272,20,furniture/equipment,21092
803,35,male,2,own,,,976,12,radio/TV,35522
804,24,female,0,rent,,moderate,7472,12,car,25120
805,24,male,2,own,little,little,9271,36,car,20589
806,26,male,1,own,little,moderate,590,6,radio/TV,22012
807,65,male,2,own,,,930,12,radio/TV,15701
808,55,male,3,free,little,moderate,9283,42,car,20197
809,26,female,0,rent,little,moderate,1778,15,car,19587
810,26,male,2,own,little,moderate,907,8,business,20734
811,28,male,1,own,little,moderate,484,6,radio/TV,16415
812,24,male,2,own,little,little,9629,36,car,19209
813,54,male,2,own,little,little,3051,48,domestic appliances,17320
814,46,male,2,free,little,little,3931,48,car,15670
815,54,female,2,rent,little,moderate,7432,36,car,22427
816,62,male,2,own,quite rich,,1338,6,domestic appliances,30525
817,24,female,2,rent,little,,1554,6,radio/TV,21764
818,43,male,3,own,little,little,15857,36,vacation/others,15495
819,26,male,2,own,little,little,1345,18,radio/TV,18945
820,27,male,2,own,little,,1101,12,car,15614
821,24,male,2,own,little,rich,3016,12,radio/TV,22376
822,41,male,2,own,little,little,2712,36,furniture/equipment,16054
823,47,male,1,own,little,little,731,8,car,16743
824,35,male,3,own,little,,3780,18,furniture/equipment,22074
825,30,male,2,own,little,little,1602,21,car,21753
826,33,female,2,rent,little,little,3966,18,car,21495
827,36,male,2,own,little,,4165,18,business,17619
828,47,male,2,free,,little,8335,36,car,23006
829,38,male,2,free,,moderate,6681,48,business,30063
830,44,male,2,own,quite rich,,2375,24,business,28643
831,23,female,2,rent,little,little,1216,18,car,15224
832,29,male,2,rent,little,little,11816,45,business,21172
833,42,female,2,own,,moderate,5084,24,radio/TV,28507
834,25,female,1,own,little,rich,2327,15,radio/TV,18403
835,48,male,2,own,little,little,1082,12,car,17396
836,21,female,2,own,,,886,12,radio/TV,24536
837,23,female,1,rent,little,,601,4,furniture/equipment,18094
838,63,male,2,own,little,little,2957,24,car,18204
839,46,male,2,own,little,,2611,24,radio/TV,19383
840,29,male,2,own,little,little,5179,36,furniture/equipment,20186
841,28,male,1,own,little,,2993,21,car,17162
842,23,female,2,own,little,,1943,18,repairs,15391
843,50,male,2,own,little,,1559,24,business,16622
844,47,male,2,own,little,,3422,18,furniture/equipment,20965
845,35,male,2,own,,moderate,3976,21,furniture/equipment,19317
846,68,male,2,rent,,,6761,18,car,34707
847,28,male,2,own,little,,1249,24,car,16783
848,59,male,2,own,little,little,1364,9,radio/TV,20898
849,57,male,1,own,little,little,709,12,radio/TV,19208
850,33,male,2,rent,little,little,2235,20,car,16770
851,43,male,2,own,,,4042,24,car,33620
852,35,male,2,free,little,,1471,15,radio/TV,19275
853,32,male,1,free,little,little,1442,18,car,20606
854,45,male,2,own,little,,10875,36,car,21701
855,33,male,2,own,moderate,,1474,24,car,22705
856,40,female,2,own,,,894,10,education,20650
857,28,male,2,free,little,,3343,15,furniture/equipment,17423
858,29,female,2,own,little,little,3959,15,car,17727
859,26,male,2,rent,moderate,,3577,9,car,22860
860,27,male,2,own,rich,,5804,24,car,33143
861,28,male,2,own,little,,2169,18,business,22088
862,35,female,2,own,little,little,2439,24,radio/TV,18564
863,32,male,1,own,rich,,4526,27,furniture/equipment,36273
864,25,male,1,rent,little,,2210,10,furniture/equipment,15769
865,20,female,2,rent,quite rich,,2221,15,furniture/equipment,32087
866,27,female,2,own,little,little,2389,18,radio/TV,20155
867,42,male,2,own,little,,3331,12,furniture/equipment,22186
868,37,male,2,own,,,7409,36,business,36937
869,24,female,2,rent,little,little,652,12,furniture/equipment,21222
870,40,female,2,own,quite rich,,7678,36,furniture/equipment,31248
871,46,male,2,own,little,rich,1343,6,car,21709
872,26,male,2,own,moderate,little,1382,24,business,24347
873,24,female,2,own,,,874,15,domestic appliances,27930
874,29,male,1,own,little,little,3590,12,furniture/equipment,17511
875,40,female,2,own,rich,moderate,1322,11,car,35378
876,36,male,3,free,little,little,1940,18,radio/TV,21306
877,28,male,2,own,little,,3595,36,radio/TV,20736
878,27,male,3,free,little,little,1422,9,car,22021
879,36,male,2,own,,,6742,30,radio/TV,23422
880,38,male,3,own,little,,7814,24,car,21001
881,48,male,2,free,,,9277,24,car,33949
882,36,male,2,own,,moderate,2181,30,car,22417
883,65,female,0,own,little,,1098,18,radio/TV,21997
884,43,male,2,own,little,moderate,4057,24,furniture/equipment,19547
885,53,female,2,own,little,little,795,12,education,19158
886,34,male,2,own,,moderate,2825,24,business,34895
887,23,male,2,own,little,moderate,15672,48,business,20084
888,34,male,3,own,little,,6614,36,car,16914
889,40,male,2,rent,,,7824,28,car,37410
890,43,male,3,own,little,little,2442,27,business,17082
891,46,male,2,own,little,,1829,15,radio/TV,16746
892,38,male,1,own,little,little,2171,12,car,18080
893,34,male,2,own,little,moderate,5800,36,car,18358
894,29,male,2,own,,,1169,18,radio/TV,36605
895,31,male,3,own,,,8947,36,car,36132
896,28,female,3,rent,little,little,2606,21,radio/TV,19735
897,35,female,2,own,rich,,1592,12,furniture/equipment,35324
898,33,female,1,rent,,,2186,15,furniture/equipment,25110
899,42,male,2,own,little,little,4153,18,furniture/equipment,20730
900,43,male,2,rent,little,little,2625,16,car,21281
901,44,male,2,own,,,3485,20,car,25001
902,42,male,2,free,,,10477,36,car,26103
903,40,male,2,rent,,,1386,15,radio/TV,25634
904,36,male,3,own,little,,1278,24,radio/TV,21299
905,20,male,3,rent,little,little,1107,12,radio/TV,15522
906,24,male,1,own,,little,3763,21,car,18656
907,27,male,2,own,,moderate,3711,36,education,35100
908,46,female,1,own,little,,3594,15,car,21639
909,33,female,1,own,,moderate,3195,9,car,31000
910,34,female,2,own,little,,4454,36,radio/TV,21847
911,25,female,1,own,little,moderate,4736,24,furniture/equipment,21057
912,25,female,2,own,,moderate,2991,30,radio/TV,26572
913,28,male,2,own,rich,,2142,11,business,34225
914,31,male,2,rent,little,little,3161,24,business,21932
915,32,female,3,own,little,moderate,18424,48,vacation/others,16209
916,32,male,2,own,moderate,,2848,10,car,27156
917,68,male,3,own,little,little,14896,6,car,15811
918,33,male,2,own,moderate,little,2359,24,furniture/equipment,26035
919,39,male,3,rent,little,little,3345,24,furniture/equipment,22103
920,28,female,2,own,little,,1817,18,furniture/equipment,18613
921,37,male,3,own,quite rich,,12749,48,radio/TV,28744
922,22,female,2,rent,little,little,1366,9,radio/TV,21061
923,30,male,2,rent,little,moderate,2002,12,car,17964
924,55,male,2,own,little,little,6872,24,furniture/equipment,17169
925,46,male,2,own,little,little,697,12,car,17177
926,21,female,2,rent,little,little,1049,18,furniture/equipment,15890
927,39,male,2,free,little,little,10297,48,car,17901
928,58,male,2,own,,,1867,30,radio/TV,20918
929,43,male,1,own,little,little,1344,12,car,15290
930,24,male,1,own,little,little,1747,24,furniture/equipment,15878
931,22,female,2,own,little,moderate,1670,9,radio/TV,17827
932,30,male,2,own,little,,1224,9,car,21022
933,42,male,2,own,quite rich,,522,12,radio/TV,30958
934,23,female,2,own,little,little,1498,12,radio/TV,15913
935,30,male,3,own,moderate,moderate,1919,30,radio/TV,23824
936,28,female,1,own,little,rich,745,9,radio/TV,17839
937,30,male,3,rent,little,moderate,2063,6,radio/TV,18068
938,42,male,2,free,little,moderate,6288,60,education,20706
939,46,male,3,own,,,6842,24,car,31969
940,45,male,3,own,,,3527,12,car,18097
941,31,male,1,own,little,,1546,10,car,17209
942,31,male,2,own,,,929,24,furniture/equipment,20500
943,42,male,1,own,little,,1455,4,car,16694
944,46,female,2,rent,little,little,1845,15,furniture/equipment,17094
945,30,female,2,own,quite rich,moderate,8358,48,car,28009
946,30,male,2,free,quite rich,little,3349,24,furniture/equipment,30618
947,38,male,3,own,,,2859,12,car,28140
948,43,male,1,own,little,,1533,18,furniture/equipment,18977
949,31,male,2,own,moderate,,3621,24,radio/TV,26203
950,40,male,0,own,little,moderate,3590,18,business,15014
951,24,male,2,own,little,little,2145,36,business,15023
952,28,female,2,rent,quite rich,moderate,4113,24,car,30524
953,26,female,3,own,little,,10974,36,furniture/equipment,16586
954,29,female,2,own,little,little,1893,12,car,18574
955,57,female,3,rent,rich,little,1231,24,radio/TV,33277
956,49,male,1,own,,rich,3656,30,radio/TV,30192
957,37,male,1,own,little,moderate,1154,9,radio/TV,19450
958,45,male,1,own,little,little,4006,28,car,21634
959,30,male,2,free,moderate,moderate,3069,24,furniture/equipment,24721
960,30,male,2,rent,little,,1740,6,radio/TV,18444
961,47,male,2,own,little,moderate,2353,21,car,21184
962,29,male,2,own,,,3556,15,car,25213
963,35,male,2,own,quite rich,,2397,24,radio/TV,32006
964,22,male,1,own,little,moderate,454,6,repairs,15243
965,26,female,2,own,,moderate,1715,30,radio/TV,30726
966,23,male,1,own,quite rich,moderate,2520,27,radio/TV,30964
967,54,female,3,rent,little,,3568,15,radio/TV,19397
968,29,male,2,rent,,,7166,42,radio/TV,37011
969,40,male,1,own,little,little,3939,11,car,20865
970,22,male,2,own,moderate,moderate,1514,15,repairs,22703
971,43,male,1,own,little,,7393,24,car,18613
972,29,female,0,rent,little,little,1193,24,car,15329
973,36,male,2,rent,little,little,7297,60,business,20717
974,33,female,2,own,little,,2831,30,radio/TV,19725
975,57,female,1,own,quite rich,rich,1258,24,radio/TV,28350
976,64,female,2,own,little,moderate,753,6,radio/TV,15354
977,42,male,2,own,,moderate,2427,18,business,21551
978,47,male,1,own,little,,2538,24,car,15393
979,25,male,2,rent,moderate,moderate,1264,15,car,22738
980,49,male,2,own,little,moderate,8386,30,furniture/equipment,20445
981,33,male,3,rent,little,,4844,48,business,21427
982,28,female,3,own,moderate,rich,2923,21,car,23391
983,26,male,2,own,little,little,8229,36,car,15761
984,30,male,1,own,little,,2028,24,furniture/equipment,15711
985,25,female,2,rent,little,little,1433,15,furniture/equipment,21037
986,33,male,2,own,little,rich,6289,42,business,15253
987,64,female,2,own,moderate,,1409,13,radio/TV,24743
988,29,male,3,free,little,little,6579,24,car,16049
989,48,male,1,own,little,moderate,1743,24,radio/TV,15325
990,37,male,1,own,,,3565,12,education,27566
991,34,male,1,own,moderate,,1569,15,radio/TV,22625
992,23,male,1,rent,,little,1936,18,radio/TV,26861
993,30,male,3,own,little,little,3959,36,furniture/equipment,20747
994,50,male,2,own,,,2390,12,car,24474
995,31,female,1,own,little,,1736,12,furniture/equipment,18320
996,40,male,3,own,little,little,3857,30,car,16163
997,38,male,2,own,little,,804,12,radio/TV,15660
998,23,male,2,free,little,little,1845,45,radio/TV,16845
999,27,male,2,own,moderate,moderate,4576,45,car,25286
